2026-07-05_13-45-00,0,main.go:2026-07-05_13-45-00
2026-07-05_13-45-59,0,main.go:2026-07-05_13-45-59
2026-07-05_13-49-10,0,main.go:2026-07-05_13-49-10
2026-07-05_13-50-10,0,main.go:2026-07-05_13-50-10
2026-07-05_13-50-44,0,main.go:2026-07-05_13-50-44
2026-07-05_13-51-33,0,main.go:2026-07-05_13-51-33
2026-07-05_13-53-15,0,main.go:2026-07-05_13-51-33
2026-07-05_13-53-27,0,main.go:2026-07-05_13-51-33
2026-07-05_13-54-03,0,main.go:2026-07-05_13-51-33
2026-07-05_13-56-34,0,main.go:2026-07-05_13-56-34
2026-07-05_13-57-50,0,main.go:2026-07-05_13-57-50
2026-07-05_13-57-51,0,main.go:2026-07-05_13-57-50
2026-07-05_13-57-52,0,main.go:2026-07-05_13-57-50
2026-07-05_13-58-10,0,main.go:2026-07-05_13-58-10
2026-07-05_13-59-59,0,main.go:2026-07-05_13-59-59
2026-07-05_14-00-38,0,main.go:2026-07-05_14-00-38
2026-07-05_14-02-17,0,main.go:2026-07-05_14-02-17
2026-07-05_14-02-50,33,main.go:2026-07-05_14-02-50
2026-07-05_14-06-42,33,main.go:2026-07-05_14-06-42
2026-07-05_14-07-12,33,main.go:2026-07-05_14-07-12
2026-07-05_14-07-13,33,main.go:2026-07-05_14-07-12
2026-07-05_14-07-14,33,main.go:2026-07-05_14-07-12
2026-07-05_14-07-30,66,main.go:2026-07-05_14-07-30
2026-07-05_14-07-46,66,main.go:2026-07-05_14-07-46
2026-07-05_14-07-47,66,main.go:2026-07-05_14-07-46
2026-07-05_14-07-48,66,main.go:2026-07-05_14-07-46
2026-07-05_14-09-04,66,main.go:2026-07-05_14-09-04
2026-07-05_14-09-05,66,main.go:2026-07-05_14-09-04
2026-07-05_14-09-06,66,main.go:2026-07-05_14-09-04
2026-07-05_14-13-43,66,main.go:2026-07-05_14-13-43
2026-07-05_14-15-48,100,main.go:2026-07-05_14-15-48
