2026-04-06_19-17-49,0,main.go:2026-04-06_19-17-49
2026-04-06_19-18-18,0,main.go:2026-04-06_19-18-18
2026-04-06_19-18-35,0,main.go:2026-04-06_19-18-35
2026-04-07_14-09-15,0,main.go:2026-04-06_19-18-35
2026-04-07_16-30-40,0,main.go:2026-04-07_16-30-40
2026-04-07_16-30-46,---,main.go:2026-04-07_16-30-40
2026-04-07_16-38-14,0,main.go:2026-04-07_16-38-14
2026-04-07_16-43-10,0,main.go:2026-04-07_16-43-10
2026-04-07_16-43-20,---,main.go:2026-04-07_16-43-10
2026-04-07_16-44-03,0,main.go:2026-04-07_16-44-03
2026-04-07_16-45-12,0,main.go:2026-04-07_16-45-12
2026-04-07_16-46-18,0,main.go:2026-04-07_16-46-18
2026-04-07_17-43-25,0,main.go:2026-04-07_17-43-25
2026-04-07_17-44-01,0,main.go:2026-04-07_17-44-01
2026-04-07_17-44-36,0,main.go:2026-04-07_17-44-36
2026-04-07_17-44-38,0,main.go:2026-04-07_17-44-36
2026-04-07_17-44-53,0,main.go:2026-04-07_17-44-53
2026-04-07_17-46-37,0,main.go:2026-04-07_17-46-37
2026-04-07_17-46-58,0,main.go:2026-04-07_17-46-58
2026-04-07_17-47-15,0,main.go:2026-04-07_17-47-15
2026-04-07_17-47-23,0,main.go:2026-04-07_17-47-23
2026-04-07_17-51-05,100,main.go:2026-04-07_17-51-05
2026-04-13_15-06-24,100,main.go:2026-04-07_17-51-05
2026-04-13_18-35-03,100,main.go:2026-04-07_17-51-05
