2026-03-25_16-05-53,---,shell.go:2026-03-25_16-05-53
2026-03-25_16-53-54,0,shell.go:2026-03-25_16-53-54
2026-03-25_16-55-41,28,shell.go:2026-03-25_16-55-41
2026-03-25_16-56-48,0,shell.go:2026-03-25_16-56-48
2026-03-25_16-56-50,0,shell.go:2026-03-25_16-56-48
2026-03-25_16-56-50,0,shell.go:2026-03-25_16-56-48
2026-03-25_16-56-51,0,shell.go:2026-03-25_16-56-48
2026-03-25_16-56-51,0,shell.go:2026-03-25_16-56-48
2026-03-25_16-56-52,0,shell.go:2026-03-25_16-56-48
2026-03-25_16-56-52,0,shell.go:2026-03-25_16-56-48
2026-03-25_16-56-52,0,shell.go:2026-03-25_16-56-48
2026-03-25_16-56-53,0,shell.go:2026-03-25_16-56-48
2026-03-25_16-56-53,0,shell.go:2026-03-25_16-56-48
2026-03-30_15-49-26,57,shell.go:2026-03-30_15-49-26
2026-03-30_16-07-48,57,shell.go:2026-03-30_15-49-26
2026-03-30_16-07-56,57,shell.go:2026-03-30_15-49-26
2026-03-30_16-08-00,57,shell.go:2026-03-30_16-08-00
2026-03-30_16-14-35,57,shell.go:2026-03-30_16-14-35
2026-03-30_16-14-38,57,shell.go:2026-03-30_16-14-35
2026-03-30_16-14-44,57,shell.go:2026-03-30_16-14-35
2026-03-30_16-14-53,57,shell.go:2026-03-30_16-14-35
