2026-03-23_19-08-07,---,draft.go:2026-03-23_19-08-07
2026-03-23_19-26-40,0,draft.go:2026-03-23_19-26-40
2026-03-23_19-28-51,0,draft.go:2026-03-23_19-28-51
2026-03-23_19-30-41,0,draft.go:2026-03-23_19-30-41
2026-03-23_19-31-28,0,draft.go:2026-03-23_19-31-28
2026-03-23_19-45-08,0,draft.go:2026-03-23_19-45-08
2026-03-23_19-45-29,0,draft.go:2026-03-23_19-45-29
2026-03-23_19-51-25,0,draft.go:2026-03-23_19-51-25
2026-03-23_19-53-00,0,draft.go:2026-03-23_19-53-00
2026-03-23_19-53-04,0,draft.go:2026-03-23_19-53-00
2026-03-23_19-55-02,0,draft.go:2026-03-23_19-55-02
2026-03-23_19-56-36,0,draft.go:2026-03-23_19-56-36
2026-03-23_19-58-31,33,draft.go:2026-03-23_19-58-31
2026-03-23_19-58-50,25,draft.go:2026-03-23_19-58-31
2026-03-23_19-58-52,33,draft.go:2026-03-23_19-58-31
2026-03-23_19-58-56,33,draft.go:2026-03-23_19-58-31
2026-03-23_19-58-58,33,draft.go:2026-03-23_19-58-31
2026-03-23_19-58-59,41,draft.go:2026-03-23_19-58-31
2026-03-23_19-59-00,41,draft.go:2026-03-23_19-58-31
2026-03-23_19-59-01,41,draft.go:2026-03-23_19-58-31
2026-03-23_19-59-03,50,draft.go:2026-03-23_19-58-31
2026-03-23_19-59-04,16,draft.go:2026-03-23_19-58-31
2026-03-23_19-59-05,50,draft.go:2026-03-23_19-58-31
2026-03-23_19-59-06,41,draft.go:2026-03-23_19-58-31
2026-03-23_19-59-07,58,draft.go:2026-03-23_19-58-31
2026-03-23_19-59-08,25,draft.go:2026-03-23_19-58-31
2026-03-23_19-59-09,41,draft.go:2026-03-23_19-58-31
2026-03-23_19-59-10,41,draft.go:2026-03-23_19-58-31
2026-03-23_19-59-11,33,draft.go:2026-03-23_19-58-31
2026-03-23_19-59-12,41,draft.go:2026-03-23_19-58-31
2026-03-23_19-59-12,41,draft.go:2026-03-23_19-58-31
2026-03-23_19-59-13,25,draft.go:2026-03-23_19-58-31
2026-03-23_19-59-14,41,draft.go:2026-03-23_19-58-31
2026-03-23_19-59-15,25,draft.go:2026-03-23_19-58-31
2026-03-23_19-59-16,25,draft.go:2026-03-23_19-58-31
2026-03-23_19-59-17,41,draft.go:2026-03-23_19-58-31
2026-03-23_19-59-18,41,draft.go:2026-03-23_19-58-31
2026-03-23_19-59-19,50,draft.go:2026-03-23_19-58-31
2026-03-23_19-59-20,16,draft.go:2026-03-23_19-58-31
2026-03-23_19-59-21,33,draft.go:2026-03-23_19-58-31
2026-03-23_19-59-22,41,draft.go:2026-03-23_19-58-31
2026-03-23_19-59-23,41,draft.go:2026-03-23_19-58-31
2026-03-23_19-59-23,41,draft.go:2026-03-23_19-58-31
2026-03-23_19-59-24,33,draft.go:2026-03-23_19-58-31
2026-03-23_19-59-27,41,draft.go:2026-03-23_19-58-31
2026-03-23_19-59-29,16,draft.go:2026-03-23_19-58-31
2026-03-23_19-59-31,41,draft.go:2026-03-23_19-58-31
2026-03-23_19-59-32,41,draft.go:2026-03-23_19-58-31
2026-03-23_19-59-33,16,draft.go:2026-03-23_19-58-31
2026-03-23_19-59-34,41,draft.go:2026-03-23_19-58-31
2026-03-23_19-59-35,41,draft.go:2026-03-23_19-58-31
2026-03-23_19-59-35,33,draft.go:2026-03-23_19-58-31
2026-03-23_19-59-36,41,draft.go:2026-03-23_19-58-31
2026-03-23_19-59-37,41,draft.go:2026-03-23_19-58-31
2026-03-23_19-59-38,41,draft.go:2026-03-23_19-58-31
2026-03-23_19-59-38,41,draft.go:2026-03-23_19-58-31
2026-03-23_19-59-39,66,draft.go:2026-03-23_19-58-31
2026-03-23_19-59-40,58,draft.go:2026-03-23_19-58-31
2026-03-23_19-59-41,41,draft.go:2026-03-23_19-58-31
2026-03-23_19-59-42,33,draft.go:2026-03-23_19-58-31
2026-03-23_19-59-43,58,draft.go:2026-03-23_19-58-31
2026-03-23_19-59-44,33,draft.go:2026-03-23_19-58-31
2026-03-23_19-59-45,25,draft.go:2026-03-23_19-58-31
2026-03-23_19-59-46,50,draft.go:2026-03-23_19-58-31
2026-03-23_19-59-47,50,draft.go:2026-03-23_19-58-31
2026-03-23_19-59-48,33,draft.go:2026-03-23_19-58-31
2026-03-23_19-59-49,33,draft.go:2026-03-23_19-58-31
2026-03-23_19-59-50,41,draft.go:2026-03-23_19-58-31
2026-03-23_19-59-51,58,draft.go:2026-03-23_19-58-31
2026-03-23_19-59-52,50,draft.go:2026-03-23_19-58-31
2026-03-23_19-59-53,25,draft.go:2026-03-23_19-58-31
2026-03-23_19-59-54,41,draft.go:2026-03-23_19-58-31
2026-03-23_19-59-56,50,draft.go:2026-03-23_19-58-31
2026-03-23_19-59-58,16,draft.go:2026-03-23_19-58-31
2026-03-23_19-59-59,41,draft.go:2026-03-23_19-58-31
2026-03-23_20-00-00,75,draft.go:2026-03-23_19-58-31
2026-03-23_20-00-06,58,draft.go:2026-03-23_19-58-31
2026-03-23_20-00-07,41,draft.go:2026-03-23_19-58-31
2026-03-23_20-00-08,25,draft.go:2026-03-23_19-58-31
2026-03-23_20-00-09,41,draft.go:2026-03-23_19-58-31
2026-03-23_20-00-10,33,draft.go:2026-03-23_19-58-31
2026-03-23_20-00-11,41,draft.go:2026-03-23_19-58-31
2026-03-23_20-00-12,58,draft.go:2026-03-23_19-58-31
2026-03-23_20-00-13,41,draft.go:2026-03-23_19-58-31
2026-03-23_20-00-14,41,draft.go:2026-03-23_19-58-31
2026-03-23_20-00-15,41,draft.go:2026-03-23_19-58-31
2026-03-23_20-00-16,33,draft.go:2026-03-23_19-58-31
2026-03-23_20-00-17,66,draft.go:2026-03-23_19-58-31
2026-03-23_20-00-18,41,draft.go:2026-03-23_19-58-31
2026-03-23_20-00-19,25,draft.go:2026-03-23_19-58-31
2026-03-23_20-00-20,33,draft.go:2026-03-23_19-58-31
2026-03-23_20-00-21,41,draft.go:2026-03-23_19-58-31
2026-03-23_20-00-22,33,draft.go:2026-03-23_19-58-31
2026-03-23_20-00-22,66,draft.go:2026-03-23_19-58-31
2026-03-23_20-00-23,58,draft.go:2026-03-23_19-58-31
2026-03-23_20-00-25,33,draft.go:2026-03-23_19-58-31
2026-03-23_20-00-26,50,draft.go:2026-03-23_19-58-31
2026-03-23_20-00-27,58,draft.go:2026-03-23_19-58-31
2026-03-23_20-00-28,66,draft.go:2026-03-23_19-58-31
2026-03-23_20-00-30,25,draft.go:2026-03-23_19-58-31
2026-03-23_20-00-30,25,draft.go:2026-03-23_19-58-31
2026-03-23_20-00-31,41,draft.go:2026-03-23_19-58-31
2026-03-23_20-00-32,50,draft.go:2026-03-23_19-58-31
2026-03-23_20-00-34,50,draft.go:2026-03-23_19-58-31
2026-03-23_20-00-35,58,draft.go:2026-03-23_19-58-31
2026-03-23_20-00-37,58,draft.go:2026-03-23_19-58-31
2026-03-23_20-00-38,41,draft.go:2026-03-23_19-58-31
2026-03-23_20-00-39,66,draft.go:2026-03-23_19-58-31
2026-03-23_20-00-40,33,draft.go:2026-03-23_19-58-31
2026-03-23_20-00-41,41,draft.go:2026-03-23_19-58-31
2026-03-23_20-00-43,50,draft.go:2026-03-23_19-58-31
2026-03-23_20-00-44,41,draft.go:2026-03-23_19-58-31
2026-03-23_20-00-45,41,draft.go:2026-03-23_19-58-31
2026-03-23_20-00-46,58,draft.go:2026-03-23_19-58-31
2026-03-23_20-00-47,50,draft.go:2026-03-23_19-58-31
2026-03-23_20-00-48,41,draft.go:2026-03-23_19-58-31
2026-03-23_20-00-49,41,draft.go:2026-03-23_19-58-31
2026-03-23_20-00-50,58,draft.go:2026-03-23_19-58-31
2026-03-23_20-00-51,41,draft.go:2026-03-23_19-58-31
2026-03-23_20-00-52,50,draft.go:2026-03-23_19-58-31
2026-03-23_20-00-53,16,draft.go:2026-03-23_19-58-31
2026-03-23_20-00-53,41,draft.go:2026-03-23_19-58-31
2026-03-23_20-00-54,41,draft.go:2026-03-23_19-58-31
2026-03-23_20-00-55,50,draft.go:2026-03-23_19-58-31
2026-03-23_20-00-56,33,draft.go:2026-03-23_19-58-31
2026-03-23_20-00-57,25,draft.go:2026-03-23_19-58-31
2026-03-23_20-00-58,25,draft.go:2026-03-23_19-58-31
2026-03-23_20-00-59,25,draft.go:2026-03-23_19-58-31
2026-03-23_20-01-00,66,draft.go:2026-03-23_19-58-31
2026-03-23_20-01-01,33,draft.go:2026-03-23_19-58-31
2026-03-23_20-01-01,41,draft.go:2026-03-23_19-58-31
2026-03-23_20-01-02,33,draft.go:2026-03-23_19-58-31
2026-03-23_20-01-03,66,draft.go:2026-03-23_19-58-31
2026-03-23_20-01-04,41,draft.go:2026-03-23_19-58-31
2026-03-23_20-01-05,41,draft.go:2026-03-23_19-58-31
2026-03-23_20-01-06,50,draft.go:2026-03-23_19-58-31
2026-03-23_20-01-07,8,draft.go:2026-03-23_19-58-31
2026-03-23_20-01-08,58,draft.go:2026-03-23_19-58-31
2026-03-23_20-01-09,50,draft.go:2026-03-23_19-58-31
2026-03-23_20-01-10,41,draft.go:2026-03-23_19-58-31
2026-03-23_20-01-11,41,draft.go:2026-03-23_19-58-31
2026-03-23_20-01-12,50,draft.go:2026-03-23_19-58-31
2026-03-23_20-01-13,50,draft.go:2026-03-23_19-58-31
2026-03-23_20-01-14,41,draft.go:2026-03-23_19-58-31
2026-03-23_20-01-14,41,draft.go:2026-03-23_19-58-31
2026-03-23_20-01-15,50,draft.go:2026-03-23_19-58-31
2026-03-23_20-01-16,25,draft.go:2026-03-23_19-58-31
2026-03-23_20-01-17,25,draft.go:2026-03-23_19-58-31
2026-03-23_20-01-18,33,draft.go:2026-03-23_19-58-31
2026-03-23_20-01-20,25,draft.go:2026-03-23_19-58-31
2026-03-23_20-01-21,41,draft.go:2026-03-23_19-58-31
2026-03-23_20-01-21,33,draft.go:2026-03-23_19-58-31
2026-03-23_20-01-22,33,draft.go:2026-03-23_19-58-31
2026-03-23_20-01-24,41,draft.go:2026-03-23_19-58-31
2026-03-23_20-01-25,50,draft.go:2026-03-23_19-58-31
2026-03-23_20-01-25,50,draft.go:2026-03-23_19-58-31
2026-03-23_20-01-26,33,draft.go:2026-03-23_19-58-31
2026-03-23_20-01-27,66,draft.go:2026-03-23_19-58-31
2026-03-23_20-01-29,50,draft.go:2026-03-23_19-58-31
2026-03-23_20-01-29,25,draft.go:2026-03-23_19-58-31
2026-03-23_20-01-30,41,draft.go:2026-03-23_19-58-31
2026-03-23_20-01-31,33,draft.go:2026-03-23_19-58-31
2026-03-23_20-01-32,41,draft.go:2026-03-23_19-58-31
2026-03-23_20-01-33,41,draft.go:2026-03-23_19-58-31
2026-03-23_20-01-33,75,draft.go:2026-03-23_19-58-31
2026-03-23_20-01-34,25,draft.go:2026-03-23_19-58-31
2026-03-23_20-01-35,41,draft.go:2026-03-23_19-58-31
2026-03-23_20-01-36,8,draft.go:2026-03-23_19-58-31
2026-03-23_20-01-37,33,draft.go:2026-03-23_19-58-31
2026-03-23_20-01-38,58,draft.go:2026-03-23_19-58-31
2026-03-23_20-01-39,33,draft.go:2026-03-23_19-58-31
2026-03-23_20-01-40,16,draft.go:2026-03-23_19-58-31
2026-03-23_20-01-41,58,draft.go:2026-03-23_19-58-31
2026-03-23_20-01-42,41,draft.go:2026-03-23_19-58-31
2026-03-23_20-01-43,25,draft.go:2026-03-23_19-58-31
2026-03-23_20-01-44,50,draft.go:2026-03-23_19-58-31
2026-03-23_20-01-44,16,draft.go:2026-03-23_19-58-31
2026-03-23_20-01-45,58,draft.go:2026-03-23_19-58-31
2026-03-23_20-01-46,33,draft.go:2026-03-23_19-58-31
2026-03-23_20-01-47,41,draft.go:2026-03-23_19-58-31
2026-03-23_20-01-48,25,draft.go:2026-03-23_19-58-31
2026-03-23_20-01-49,16,draft.go:2026-03-23_19-58-31
2026-03-23_20-01-50,33,draft.go:2026-03-23_19-58-31
2026-03-23_20-01-50,41,draft.go:2026-03-23_19-58-31
2026-03-23_20-01-51,58,draft.go:2026-03-23_19-58-31
2026-03-23_20-01-52,33,draft.go:2026-03-23_19-58-31
2026-03-23_20-01-53,41,draft.go:2026-03-23_19-58-31
2026-03-23_20-01-54,58,draft.go:2026-03-23_19-58-31
2026-03-23_20-01-55,50,draft.go:2026-03-23_19-58-31
2026-03-23_20-01-56,50,draft.go:2026-03-23_19-58-31
2026-03-23_20-01-57,66,draft.go:2026-03-23_19-58-31
2026-03-23_20-01-58,25,draft.go:2026-03-23_19-58-31
2026-03-23_20-01-58,25,draft.go:2026-03-23_19-58-31
2026-03-23_20-01-59,33,draft.go:2026-03-23_19-58-31
2026-03-23_20-02-00,25,draft.go:2026-03-23_19-58-31
2026-03-23_20-02-01,58,draft.go:2026-03-23_19-58-31
2026-03-23_20-02-02,33,draft.go:2026-03-23_19-58-31
2026-03-23_20-02-03,58,draft.go:2026-03-23_19-58-31
2026-03-23_20-02-04,41,draft.go:2026-03-23_19-58-31
2026-03-23_20-02-05,41,draft.go:2026-03-23_19-58-31
2026-03-23_20-02-06,25,draft.go:2026-03-23_19-58-31
2026-03-23_20-02-07,25,draft.go:2026-03-23_19-58-31
2026-03-23_20-02-08,33,draft.go:2026-03-23_19-58-31
2026-03-23_20-02-08,41,draft.go:2026-03-23_19-58-31
2026-03-23_20-02-09,50,draft.go:2026-03-23_19-58-31
2026-03-23_20-02-10,33,draft.go:2026-03-23_19-58-31
2026-03-23_20-02-11,41,draft.go:2026-03-23_19-58-31
2026-03-23_20-02-12,33,draft.go:2026-03-23_19-58-31
2026-03-23_20-02-13,33,draft.go:2026-03-23_19-58-31
2026-03-23_20-02-14,33,draft.go:2026-03-23_19-58-31
2026-03-23_20-02-14,33,draft.go:2026-03-23_19-58-31
2026-03-23_20-02-15,41,draft.go:2026-03-23_19-58-31
2026-03-23_20-02-16,50,draft.go:2026-03-23_19-58-31
2026-03-23_20-02-17,41,draft.go:2026-03-23_19-58-31
2026-03-23_20-02-18,50,draft.go:2026-03-23_19-58-31
2026-03-23_20-02-19,50,draft.go:2026-03-23_19-58-31
2026-03-23_20-02-21,25,draft.go:2026-03-23_19-58-31
2026-03-23_20-02-22,25,draft.go:2026-03-23_19-58-31
2026-03-23_20-02-22,33,draft.go:2026-03-23_19-58-31
2026-03-23_20-02-23,50,draft.go:2026-03-23_19-58-31
2026-03-23_20-02-24,25,draft.go:2026-03-23_19-58-31
2026-03-23_20-02-25,25,draft.go:2026-03-23_19-58-31
2026-03-23_20-02-26,41,draft.go:2026-03-23_19-58-31
2026-03-23_20-02-27,41,draft.go:2026-03-23_19-58-31
2026-03-23_20-02-28,33,draft.go:2026-03-23_19-58-31
2026-03-23_20-02-29,58,draft.go:2026-03-23_19-58-31
2026-03-23_20-02-30,50,draft.go:2026-03-23_19-58-31
2026-03-23_20-02-31,66,draft.go:2026-03-23_19-58-31
2026-03-23_20-02-32,58,draft.go:2026-03-23_19-58-31
2026-03-23_20-02-32,41,draft.go:2026-03-23_19-58-31
2026-03-23_20-02-33,58,draft.go:2026-03-23_19-58-31
2026-03-23_20-02-35,41,draft.go:2026-03-23_19-58-31
2026-03-23_20-02-36,25,draft.go:2026-03-23_19-58-31
2026-03-23_20-02-38,41,draft.go:2026-03-23_19-58-31
2026-03-23_20-02-39,41,draft.go:2026-03-23_19-58-31
2026-03-23_20-02-41,33,draft.go:2026-03-23_19-58-31
2026-03-23_20-02-44,41,draft.go:2026-03-23_19-58-31
2026-03-23_20-02-46,33,draft.go:2026-03-23_19-58-31
2026-03-23_20-02-47,33,draft.go:2026-03-23_19-58-31
2026-03-23_20-02-48,50,draft.go:2026-03-23_19-58-31
2026-03-23_20-02-49,41,draft.go:2026-03-23_19-58-31
2026-03-23_20-02-50,41,draft.go:2026-03-23_19-58-31
2026-03-23_20-02-51,58,draft.go:2026-03-23_19-58-31
2026-03-23_20-02-53,50,draft.go:2026-03-23_19-58-31
2026-03-23_20-02-54,33,draft.go:2026-03-23_19-58-31
2026-03-23_20-02-59,25,draft.go:2026-03-23_19-58-31
2026-03-23_20-03-00,41,draft.go:2026-03-23_19-58-31
2026-03-23_20-03-01,41,draft.go:2026-03-23_19-58-31
2026-03-23_20-03-02,25,draft.go:2026-03-23_19-58-31
2026-03-23_20-03-03,41,draft.go:2026-03-23_19-58-31
2026-03-23_20-03-04,41,draft.go:2026-03-23_19-58-31
2026-03-23_20-03-04,25,draft.go:2026-03-23_19-58-31
2026-03-23_20-03-05,41,draft.go:2026-03-23_19-58-31
2026-03-23_20-03-06,33,draft.go:2026-03-23_19-58-31
2026-03-23_20-03-07,58,draft.go:2026-03-23_19-58-31
2026-03-23_20-03-08,41,draft.go:2026-03-23_19-58-31
2026-03-23_20-03-09,66,draft.go:2026-03-23_19-58-31
2026-03-23_20-03-10,25,draft.go:2026-03-23_19-58-31
2026-03-23_20-03-11,41,draft.go:2026-03-23_19-58-31
2026-03-23_20-03-11,41,draft.go:2026-03-23_19-58-31
2026-03-23_20-03-12,41,draft.go:2026-03-23_19-58-31
2026-03-23_20-03-13,41,draft.go:2026-03-23_19-58-31
2026-03-23_20-03-14,50,draft.go:2026-03-23_19-58-31
2026-03-23_20-03-15,75,draft.go:2026-03-23_19-58-31
2026-03-23_20-03-16,75,draft.go:2026-03-23_19-58-31
2026-03-23_20-03-18,50,draft.go:2026-03-23_19-58-31
2026-03-23_20-03-19,33,draft.go:2026-03-23_19-58-31
2026-03-23_20-03-20,50,draft.go:2026-03-23_19-58-31
2026-03-23_20-03-21,50,draft.go:2026-03-23_19-58-31
2026-03-23_20-03-22,50,draft.go:2026-03-23_19-58-31
2026-03-23_20-03-22,41,draft.go:2026-03-23_19-58-31
2026-03-23_20-03-23,33,draft.go:2026-03-23_19-58-31
2026-03-23_20-03-24,41,draft.go:2026-03-23_19-58-31
2026-03-23_20-03-25,33,draft.go:2026-03-23_19-58-31
2026-03-23_20-03-26,41,draft.go:2026-03-23_19-58-31
2026-03-23_20-03-27,33,draft.go:2026-03-23_19-58-31
2026-03-23_20-03-28,50,draft.go:2026-03-23_19-58-31
2026-03-23_20-03-29,41,draft.go:2026-03-23_19-58-31
2026-03-23_20-03-29,41,draft.go:2026-03-23_19-58-31
2026-03-23_20-03-30,33,draft.go:2026-03-23_19-58-31
2026-03-23_20-03-31,16,draft.go:2026-03-23_19-58-31
2026-03-23_20-03-32,33,draft.go:2026-03-23_19-58-31
2026-03-23_20-03-33,58,draft.go:2026-03-23_19-58-31
2026-03-23_20-03-34,41,draft.go:2026-03-23_19-58-31
2026-03-23_20-03-35,41,draft.go:2026-03-23_19-58-31
2026-03-23_20-04-43,58,draft.go:2026-03-23_19-58-31
2026-03-23_20-04-44,41,draft.go:2026-03-23_19-58-31
2026-03-23_20-04-45,58,draft.go:2026-03-23_19-58-31
2026-03-23_20-04-46,50,draft.go:2026-03-23_19-58-31
2026-03-23_20-04-47,33,draft.go:2026-03-23_19-58-31
2026-03-23_20-04-48,41,draft.go:2026-03-23_19-58-31
2026-03-23_20-04-49,41,draft.go:2026-03-23_19-58-31
2026-03-23_20-04-50,58,draft.go:2026-03-23_19-58-31
2026-03-23_20-04-50,58,draft.go:2026-03-23_19-58-31
2026-03-23_20-04-52,33,draft.go:2026-03-23_19-58-31
2026-03-23_20-04-52,16,draft.go:2026-03-23_19-58-31
2026-03-23_20-04-54,25,draft.go:2026-03-23_19-58-31
2026-03-23_20-04-55,41,draft.go:2026-03-23_19-58-31
2026-03-23_20-04-56,50,draft.go:2026-03-23_19-58-31
2026-03-23_20-04-57,33,draft.go:2026-03-23_19-58-31
2026-03-23_20-04-58,66,draft.go:2026-03-23_19-58-31
2026-03-23_20-04-59,50,draft.go:2026-03-23_19-58-31
2026-03-23_20-05-00,41,draft.go:2026-03-23_19-58-31
2026-03-23_20-05-01,25,draft.go:2026-03-23_19-58-31
2026-03-23_20-05-02,50,draft.go:2026-03-23_19-58-31
2026-03-23_20-05-03,41,draft.go:2026-03-23_19-58-31
2026-03-23_20-05-04,33,draft.go:2026-03-23_19-58-31
2026-03-23_20-05-05,75,draft.go:2026-03-23_19-58-31
2026-03-23_20-05-06,58,draft.go:2026-03-23_19-58-31
2026-03-23_20-05-07,41,draft.go:2026-03-23_19-58-31
2026-03-23_20-05-09,33,draft.go:2026-03-23_19-58-31
2026-03-23_20-05-10,41,draft.go:2026-03-23_19-58-31
2026-03-23_20-05-11,33,draft.go:2026-03-23_19-58-31
2026-03-23_20-05-12,66,draft.go:2026-03-23_19-58-31
2026-03-23_20-05-12,41,draft.go:2026-03-23_19-58-31
2026-03-23_20-05-13,41,draft.go:2026-03-23_19-58-31
2026-03-23_20-05-14,50,draft.go:2026-03-23_19-58-31
2026-03-23_20-05-15,50,draft.go:2026-03-23_19-58-31
2026-03-23_20-05-16,41,draft.go:2026-03-23_19-58-31
2026-03-23_20-05-17,66,draft.go:2026-03-23_19-58-31
2026-03-23_20-05-18,33,draft.go:2026-03-23_19-58-31
2026-03-23_20-05-19,41,draft.go:2026-03-23_19-58-31
2026-03-23_20-05-20,50,draft.go:2026-03-23_19-58-31
2026-03-23_20-05-21,50,draft.go:2026-03-23_19-58-31
2026-03-23_20-05-21,25,draft.go:2026-03-23_19-58-31
2026-03-23_20-05-22,66,draft.go:2026-03-23_19-58-31
2026-03-23_20-05-23,33,draft.go:2026-03-23_19-58-31
2026-03-23_20-05-24,50,draft.go:2026-03-23_19-58-31
2026-03-23_20-05-25,41,draft.go:2026-03-23_19-58-31
2026-03-23_20-05-26,33,draft.go:2026-03-23_19-58-31
2026-03-23_20-05-27,33,draft.go:2026-03-23_19-58-31
2026-03-23_20-05-27,25,draft.go:2026-03-23_19-58-31
2026-03-23_20-05-28,33,draft.go:2026-03-23_19-58-31
2026-03-23_20-05-29,41,draft.go:2026-03-23_19-58-31
2026-03-23_20-05-30,50,draft.go:2026-03-23_19-58-31
2026-03-23_20-05-31,41,draft.go:2026-03-23_19-58-31
2026-03-23_20-05-32,25,draft.go:2026-03-23_19-58-31
2026-03-23_20-05-33,33,draft.go:2026-03-23_19-58-31
2026-03-23_20-05-35,41,draft.go:2026-03-23_19-58-31
2026-03-23_20-05-36,41,draft.go:2026-03-23_19-58-31
2026-03-23_20-05-36,33,draft.go:2026-03-23_19-58-31
2026-03-23_20-05-38,50,draft.go:2026-03-23_19-58-31
2026-03-23_20-05-39,33,draft.go:2026-03-23_19-58-31
2026-03-23_20-05-40,41,draft.go:2026-03-23_19-58-31
2026-03-23_20-05-41,75,draft.go:2026-03-23_19-58-31
2026-03-23_20-05-43,50,draft.go:2026-03-23_19-58-31
2026-03-23_20-05-44,58,draft.go:2026-03-23_19-58-31
2026-03-23_20-05-45,16,draft.go:2026-03-23_19-58-31
2026-03-23_20-05-46,41,draft.go:2026-03-23_19-58-31
2026-03-23_20-05-46,58,draft.go:2026-03-23_19-58-31
2026-03-23_20-05-47,41,draft.go:2026-03-23_19-58-31
2026-03-23_20-05-48,25,draft.go:2026-03-23_19-58-31
2026-03-23_20-05-49,41,draft.go:2026-03-23_19-58-31
2026-03-23_20-05-50,58,draft.go:2026-03-23_19-58-31
2026-03-23_20-05-51,33,draft.go:2026-03-23_19-58-31
2026-03-23_20-05-52,66,draft.go:2026-03-23_19-58-31
2026-03-23_20-05-53,66,draft.go:2026-03-23_19-58-31
2026-03-23_20-05-53,50,draft.go:2026-03-23_19-58-31
2026-03-23_20-05-54,33,draft.go:2026-03-23_19-58-31
2026-03-23_20-05-55,33,draft.go:2026-03-23_19-58-31
2026-03-23_20-05-56,58,draft.go:2026-03-23_19-58-31
2026-03-23_20-05-57,33,draft.go:2026-03-23_19-58-31
2026-03-23_20-05-58,41,draft.go:2026-03-23_19-58-31
2026-03-23_20-05-59,16,draft.go:2026-03-23_19-58-31
2026-03-23_20-06-00,41,draft.go:2026-03-23_19-58-31
2026-03-23_20-06-00,50,draft.go:2026-03-23_19-58-31
2026-03-23_20-06-01,50,draft.go:2026-03-23_19-58-31
2026-03-23_20-06-02,50,draft.go:2026-03-23_19-58-31
2026-03-23_20-06-03,33,draft.go:2026-03-23_19-58-31
2026-03-23_20-06-03,33,draft.go:2026-03-23_19-58-31
2026-03-23_20-06-04,50,draft.go:2026-03-23_19-58-31
2026-03-23_20-06-05,16,draft.go:2026-03-23_19-58-31
2026-03-23_20-06-06,33,draft.go:2026-03-23_19-58-31
2026-03-23_20-06-07,58,draft.go:2026-03-23_19-58-31
2026-03-23_20-06-08,50,draft.go:2026-03-23_19-58-31
2026-03-23_20-06-09,41,draft.go:2026-03-23_19-58-31
2026-03-23_20-06-10,25,draft.go:2026-03-23_19-58-31
2026-03-23_20-06-11,50,draft.go:2026-03-23_19-58-31
2026-03-23_20-06-12,33,draft.go:2026-03-23_19-58-31
2026-03-23_20-06-13,50,draft.go:2026-03-23_19-58-31
2026-03-23_20-06-13,16,draft.go:2026-03-23_19-58-31
2026-03-23_20-06-14,50,draft.go:2026-03-23_19-58-31
2026-03-23_20-06-15,33,draft.go:2026-03-23_19-58-31
2026-03-23_20-06-16,41,draft.go:2026-03-23_19-58-31
2026-03-23_20-06-17,33,draft.go:2026-03-23_19-58-31
2026-03-23_20-06-18,33,draft.go:2026-03-23_19-58-31
2026-03-23_20-06-19,50,draft.go:2026-03-23_19-58-31
2026-03-23_20-06-20,25,draft.go:2026-03-23_19-58-31
2026-03-23_20-06-20,16,draft.go:2026-03-23_19-58-31
2026-03-23_20-06-21,41,draft.go:2026-03-23_19-58-31
2026-03-23_20-06-22,58,draft.go:2026-03-23_19-58-31
2026-03-23_20-06-23,41,draft.go:2026-03-23_19-58-31
2026-03-23_20-06-24,16,draft.go:2026-03-23_19-58-31
2026-03-23_20-06-25,41,draft.go:2026-03-23_19-58-31
2026-03-23_20-06-25,33,draft.go:2026-03-23_19-58-31
2026-03-23_20-06-26,50,draft.go:2026-03-23_19-58-31
2026-03-23_20-06-27,25,draft.go:2026-03-23_19-58-31
2026-03-23_20-06-28,41,draft.go:2026-03-23_19-58-31
2026-03-23_20-06-29,41,draft.go:2026-03-23_19-58-31
2026-03-23_20-06-30,58,draft.go:2026-03-23_19-58-31
2026-03-23_20-06-31,41,draft.go:2026-03-23_19-58-31
2026-03-23_20-06-32,50,draft.go:2026-03-23_19-58-31
2026-03-23_20-06-33,66,draft.go:2026-03-23_19-58-31
2026-03-23_20-06-33,33,draft.go:2026-03-23_19-58-31
2026-03-23_20-06-35,33,draft.go:2026-03-23_19-58-31
2026-03-23_20-06-35,50,draft.go:2026-03-23_19-58-31
2026-03-23_20-06-37,58,draft.go:2026-03-23_19-58-31
2026-03-23_20-06-38,41,draft.go:2026-03-23_19-58-31
2026-03-23_20-06-39,41,draft.go:2026-03-23_19-58-31
2026-03-23_20-06-40,50,draft.go:2026-03-23_19-58-31
2026-03-23_20-06-41,66,draft.go:2026-03-23_19-58-31
2026-03-23_20-06-42,41,draft.go:2026-03-23_19-58-31
2026-03-23_20-06-43,25,draft.go:2026-03-23_19-58-31
2026-03-23_20-06-44,41,draft.go:2026-03-23_19-58-31
2026-03-23_20-06-45,50,draft.go:2026-03-23_19-58-31
2026-03-23_20-06-46,58,draft.go:2026-03-23_19-58-31
2026-03-23_20-06-47,33,draft.go:2026-03-23_19-58-31
2026-03-23_20-06-48,50,draft.go:2026-03-23_19-58-31
2026-03-23_20-06-49,16,draft.go:2026-03-23_19-58-31
2026-03-23_20-06-49,66,draft.go:2026-03-23_19-58-31
2026-03-23_20-06-51,41,draft.go:2026-03-23_19-58-31
2026-03-23_20-06-52,50,draft.go:2026-03-23_19-58-31
2026-03-23_20-06-53,58,draft.go:2026-03-23_19-58-31
2026-03-23_20-06-54,33,draft.go:2026-03-23_19-58-31
2026-03-23_20-06-55,41,draft.go:2026-03-23_19-58-31
2026-03-23_20-06-56,41,draft.go:2026-03-23_19-58-31
2026-03-23_20-06-57,41,draft.go:2026-03-23_19-58-31
2026-03-23_20-06-57,25,draft.go:2026-03-23_19-58-31
2026-03-23_20-06-58,8,draft.go:2026-03-23_19-58-31
2026-03-23_20-06-59,41,draft.go:2026-03-23_19-58-31
2026-03-23_20-07-00,33,draft.go:2026-03-23_19-58-31
2026-04-01_12-16-50,0,draft.go:2026-04-01_12-16-50
2026-04-01_12-17-42,0,draft.go:2026-04-01_12-17-42
2026-04-01_12-18-38,0,draft.go:2026-04-01_12-18-38
2026-04-06_18-45-42,0,draft.go:2026-04-06_18-45-42
2026-04-06_18-45-53,0,draft.go:2026-04-06_18-45-53
2026-04-06_18-46-27,0,draft.go:2026-04-06_18-46-27
2026-04-10_11-25-58,0,draft.go:2026-04-10_11-25-58
2026-04-10_11-29-25,0,draft.go:2026-04-10_11-29-25
2026-04-10_11-30-03,0,draft.go:2026-04-10_11-30-03
2026-04-10_11-34-09,0,draft.go:2026-04-10_11-34-09
2026-04-10_11-34-28,0,draft.go:2026-04-10_11-34-28
2026-04-10_11-35-01,0,draft.go:2026-04-10_11-35-01
2026-04-10_11-37-31,0,draft.go:2026-04-10_11-37-31
2026-04-10_11-39-11,0,draft.go:2026-04-10_11-39-11
2026-04-10_11-40-00,33,draft.go:2026-04-10_11-40-00
2026-04-10_11-40-08,50,draft.go:2026-04-10_11-40-00
2026-04-10_11-42-04,25,draft.go:2026-04-10_11-42-04
2026-04-10_11-42-52,100,draft.go:2026-04-10_11-42-52
