2026-06-01_21-35-34,0,draft.go:2026-06-01_21-35-34
2026-06-01_21-36-02,0,draft.go:2026-06-01_21-36-02
2026-06-01_21-36-02,0,draft.go:2026-06-01_21-36-02
2026-06-01_21-36-03,0,draft.go:2026-06-01_21-36-03
2026-06-01_21-36-04,0,draft.go:2026-06-01_21-36-03
2026-06-01_21-36-21,---,draft.go:2026-06-01_21-36-03
2026-06-01_21-36-48,0,draft.go:2026-06-01_21-36-48
2026-06-01_21-36-49,0,draft.go:2026-06-01_21-36-48
2026-06-01_21-36-51,0,draft.go:2026-06-01_21-36-48
2026-06-01_21-36-51,---,draft.go:2026-06-01_21-36-48
2026-06-01_21-37-15,0,draft.go:2026-06-01_21-37-15
2026-06-01_21-37-26,100,draft.go:2026-06-01_21-37-26
