2026-06-01_19-23-35,0,main.go:2026-06-01_19-23-35
2026-06-01_19-24-18,0,main.go:2026-06-01_19-24-18
2026-06-01_19-25-34,0,main.go:2026-06-01_19-25-34
2026-06-01_19-25-37,0,main.go:2026-06-01_19-25-34
2026-06-01_19-26-47,0,main.go:2026-06-01_19-26-47
2026-06-01_19-26-53,---,main.go:2026-06-01_19-26-47
2026-06-01_19-27-42,---,main.go:2026-06-01_19-27-42
2026-06-01_19-34-13,0,main.go:2026-06-01_19-34-13
2026-06-01_19-34-36,28,main.go:2026-06-01_19-34-36
2026-06-01_19-35-14,28,main.go:2026-06-01_19-35-14
2026-06-01_19-35-21,28,main.go:2026-06-01_19-35-21
2026-06-01_19-36-33,42,main.go:2026-06-01_19-36-33
2026-06-01_19-36-42,---,main.go:2026-06-01_19-36-33
2026-06-01_19-37-15,42,main.go:2026-06-01_19-37-15
2026-06-01_19-37-16,42,main.go:2026-06-01_19-37-15
2026-06-01_19-37-19,---,main.go:2026-06-01_19-37-15
2026-06-01_19-38-00,0,main.go:2026-06-01_19-38-00
2026-06-01_19-38-02,0,main.go:2026-06-01_19-38-00
2026-06-01_19-38-02,0,main.go:2026-06-01_19-38-00
2026-06-01_19-38-03,0,main.go:2026-06-01_19-38-00
2026-06-01_19-38-03,0,main.go:2026-06-01_19-38-00
2026-06-01_19-38-03,0,main.go:2026-06-01_19-38-00
2026-06-01_19-38-03,0,main.go:2026-06-01_19-38-00
2026-06-01_19-38-04,0,main.go:2026-06-01_19-38-00
2026-06-01_19-38-04,0,main.go:2026-06-01_19-38-00
2026-06-01_19-38-04,0,main.go:2026-06-01_19-38-00
2026-06-01_19-38-10,71,main.go:2026-06-01_19-38-10
2026-06-01_19-38-21,---,main.go:2026-06-01_19-38-10
2026-06-01_19-39-02,71,main.go:2026-06-01_19-39-02
2026-06-01_19-39-16,---,main.go:2026-06-01_19-39-02
2026-06-01_19-40-00,71,main.go:2026-06-01_19-39-02
2026-06-01_19-41-02,100,main.go:2026-06-01_19-41-02
2026-06-01_20-34-35,100,main.go:2026-06-01_19-41-02
