2026-05-24_17-07-11,0,main.go:2026-05-24_17-07-11
2026-05-24_17-07-28,---,main.go:2026-05-24_17-07-11
2026-05-24_17-08-13,---,main.go:2026-05-24_17-07-11
2026-05-24_17-09-39,0,main.go:2026-05-24_17-07-11
2026-05-24_17-09-45,---,main.go:2026-05-24_17-07-11
2026-05-24_17-11-33,0,main.go:2026-05-24_17-11-33
2026-05-24_17-11-40,0,main.go:2026-05-24_17-11-40
2026-05-24_17-11-50,0,main.go:2026-05-24_17-11-40
2026-05-24_17-11-56,---,main.go:2026-05-24_17-11-40
2026-05-24_17-13-59,0,main.go:2026-05-24_17-11-40
2026-05-24_17-14-05,---,main.go:2026-05-24_17-11-40
2026-05-24_17-14-20,0,main.go:2026-05-24_17-14-20
2026-05-24_17-14-27,---,main.go:2026-05-24_17-14-20
2026-05-24_17-16-52,0,main.go:2026-05-24_17-16-52
2026-05-24_17-16-55,0,main.go:2026-05-24_17-16-52
2026-05-24_17-17-19,0,main.go:2026-05-24_17-16-52
2026-05-24_17-17-28,0,main.go:2026-05-24_17-16-52
2026-05-24_17-17-59,0,main.go:2026-05-24_17-16-52
2026-05-24_17-18-12,0,main.go:2026-05-24_17-18-12
2026-05-24_17-18-24,0,main.go:2026-05-24_17-18-24
2026-05-24_17-20-20,0,main.go:2026-05-24_17-20-20
2026-05-24_17-21-10,0,main.go:2026-05-24_17-21-10
2026-05-24_17-21-42,0,main.go:2026-05-24_17-21-10
2026-05-24_17-22-34,0,main.go:2026-05-24_17-22-34
2026-05-24_17-22-38,0,main.go:2026-05-24_17-22-34
2026-05-24_17-22-40,---,main.go:2026-05-24_17-22-34
2026-05-24_17-23-36,0,main.go:2026-05-24_17-23-36
2026-05-24_17-26-12,0,main.go:2026-05-24_17-26-12
2026-05-24_17-26-17,0,main.go:2026-05-24_17-26-12
2026-05-24_17-26-57,0,main.go:2026-05-24_17-26-57
2026-05-24_17-27-34,0,main.go:2026-05-24_17-27-34
2026-05-24_17-29-14,0,main.go:2026-05-24_17-29-14
2026-05-24_17-29-17,0,main.go:2026-05-24_17-29-14
2026-05-24_17-30-04,0,main.go:2026-05-24_17-30-04
2026-05-24_17-31-05,0,main.go:2026-05-24_17-30-04
2026-05-24_17-31-15,0,main.go:2026-05-24_17-31-15
2026-05-24_17-31-16,0,main.go:2026-05-24_17-31-15
2026-05-24_17-31-17,0,main.go:2026-05-24_17-31-15
2026-05-24_17-31-18,0,main.go:2026-05-24_17-31-15
2026-05-24_17-31-18,0,main.go:2026-05-24_17-31-15
2026-05-24_17-31-19,0,main.go:2026-05-24_17-31-15
2026-05-24_17-31-19,0,main.go:2026-05-24_17-31-15
2026-05-24_17-31-19,0,main.go:2026-05-24_17-31-15
2026-05-24_17-31-19,0,main.go:2026-05-24_17-31-15
2026-05-24_17-31-30,0,main.go:2026-05-24_17-31-30
2026-05-24_17-32-15,0,main.go:2026-05-24_17-32-15
2026-05-24_17-32-47,0,main.go:2026-05-24_17-32-47
2026-05-24_17-32-50,0,main.go:2026-05-24_17-32-47
2026-05-24_17-33-40,0,main.go:2026-05-24_17-32-47
2026-05-24_17-33-44,0,main.go:2026-05-24_17-33-44
2026-05-24_17-34-01,0,main.go:2026-05-24_17-34-01
2026-05-24_17-34-25,0,main.go:2026-05-24_17-34-01
2026-05-24_17-34-32,0,main.go:2026-05-24_17-34-32
2026-05-24_17-35-20,0,main.go:2026-05-24_17-35-20
2026-05-24_17-35-29,0,main.go:2026-05-24_17-35-29
2026-05-24_17-37-32,0,main.go:2026-05-24_17-37-32
2026-05-24_17-38-35,0,main.go:2026-05-24_17-38-35
2026-05-24_17-38-37,0,main.go:2026-05-24_17-38-35
2026-05-24_17-38-57,0,main.go:2026-05-24_17-38-57
2026-05-24_17-39-08,0,main.go:2026-05-24_17-39-08
2026-05-24_17-39-32,0,main.go:2026-05-24_17-39-08
2026-05-24_17-39-36,0,main.go:2026-05-24_17-39-36
2026-05-24_17-41-26,0,main.go:2026-05-24_17-41-26
2026-05-24_17-43-45,0,main.go:2026-05-24_17-43-45
2026-05-24_17-47-29,0,main.go:2026-05-24_17-47-29
2026-05-24_17-48-01,0,main.go:2026-05-24_17-48-01
2026-05-24_17-49-18,0,main.go:2026-05-24_17-49-18
2026-05-24_17-50-07,0,main.go:2026-05-24_17-50-07
2026-05-24_17-51-46,0,main.go:2026-05-24_17-51-46
2026-05-24_17-51-48,0,main.go:2026-05-24_17-51-46
2026-05-24_17-52-03,0,main.go:2026-05-24_17-52-03
2026-05-24_17-52-17,0,main.go:2026-05-24_17-52-17
2026-05-24_17-52-42,0,main.go:2026-05-24_17-52-42
2026-05-24_17-52-51,0,main.go:2026-05-24_17-52-51
2026-05-24_17-52-53,0,main.go:2026-05-24_17-52-51
2026-05-24_18-07-11,0,main.go:2026-05-24_17-52-51
2026-05-24_18-08-59,0,main.go:2026-05-24_17-52-51
2026-05-24_18-15-46,0,main.go:2026-05-24_18-15-46
2026-05-24_18-15-48,0,main.go:2026-05-24_18-15-46
2026-05-24_18-15-53,0,main.go:2026-05-24_18-15-53
2026-05-24_18-16-06,0,main.go:2026-05-24_18-16-06
2026-05-24_18-16-15,0,main.go:2026-05-24_18-16-15
2026-05-24_18-16-21,0,main.go:2026-05-24_18-16-21
2026-05-24_18-16-43,---,main.go:2026-05-24_18-16-43
2026-05-24_18-18-04,0,main.go:2026-05-24_18-18-04
2026-05-24_18-18-08,0,main.go:2026-05-24_18-18-04
2026-05-24_18-19-25,0,main.go:2026-05-24_18-19-25
2026-05-24_18-21-00,---,main.go:2026-05-24_18-19-25
2026-05-24_18-21-11,---,main.go:2026-05-24_18-19-25
2026-05-24_18-21-38,0,main.go:2026-05-24_18-19-25
2026-05-24_18-21-39,0,main.go:2026-05-24_18-19-25
2026-05-24_18-21-46,0,main.go:2026-05-24_18-19-25
2026-05-24_18-21-51,0,main.go:2026-05-24_18-21-51
2026-05-24_18-21-53,0,main.go:2026-05-24_18-21-51
2026-05-24_18-21-58,0,main.go:2026-05-24_18-21-58
2026-05-24_18-21-59,0,main.go:2026-05-24_18-21-58
2026-05-24_18-22-04,0,main.go:2026-05-24_18-22-04
2026-05-24_18-22-12,0,main.go:2026-05-24_18-22-12
2026-05-24_18-22-17,0,main.go:2026-05-24_18-22-17
2026-05-24_18-22-28,0,main.go:2026-05-24_18-22-28
2026-05-24_18-22-30,0,main.go:2026-05-24_18-22-28
2026-05-24_18-22-32,0,main.go:2026-05-24_18-22-28
2026-05-24_18-22-39,0,main.go:2026-05-24_18-22-28
2026-05-24_18-22-41,0,main.go:2026-05-24_18-22-28
2026-05-24_18-22-44,0,main.go:2026-05-24_18-22-28
2026-05-24_18-22-48,0,main.go:2026-05-24_18-22-48
2026-05-24_18-22-49,0,main.go:2026-05-24_18-22-48
2026-05-24_18-24-00,0,main.go:2026-05-24_18-24-00
2026-05-24_18-24-27,0,main.go:2026-05-24_18-24-27
2026-05-24_18-24-28,0,main.go:2026-05-24_18-24-27
2026-05-24_18-25-27,0,main.go:2026-05-24_18-25-27
2026-05-24_18-25-55,0,main.go:2026-05-24_18-25-27
2026-05-24_18-26-30,0,main.go:2026-05-24_18-26-30
2026-05-24_18-27-46,0,main.go:2026-05-24_18-26-30
2026-05-24_18-27-50,0,main.go:2026-05-24_18-27-50
2026-05-24_18-29-14,0,main.go:2026-05-24_18-29-14
2026-05-24_18-29-33,0,main.go:2026-05-24_18-29-33
2026-05-24_18-34-59,0,main.go:2026-05-24_18-34-59
2026-05-24_18-35-00,0,main.go:2026-05-24_18-34-59
2026-05-24_18-35-04,0,main.go:2026-05-24_18-34-59
2026-05-24_18-35-17,0,main.go:2026-05-24_18-34-59
2026-05-25_15-14-23,0,main.go:2026-05-24_18-34-59
2026-05-25_15-20-22,0,main.go:2026-05-25_15-20-22
2026-05-25_15-20-29,---,main.go:2026-05-25_15-20-22
2026-05-25_15-22-26,0,main.go:2026-05-25_15-22-26
2026-05-25_15-22-51,0,main.go:2026-05-25_15-22-51
2026-05-25_15-37-16,0,main.go:2026-05-25_15-37-16
2026-05-25_15-37-18,0,main.go:2026-05-25_15-37-16
2026-05-25_15-37-20,0,main.go:2026-05-25_15-37-16
2026-05-25_15-37-20,0,main.go:2026-05-25_15-37-16
2026-05-25_15-37-21,0,main.go:2026-05-25_15-37-16
2026-05-25_15-38-16,0,main.go:2026-05-25_15-38-16
2026-05-25_15-38-39,0,main.go:2026-05-25_15-38-39
2026-05-25_15-39-15,0,main.go:2026-05-25_15-39-15
2026-05-25_15-39-56,0,main.go:2026-05-25_15-39-56
2026-05-25_15-40-39,0,main.go:2026-05-25_15-40-39
2026-05-25_15-40-42,0,main.go:2026-05-25_15-40-39
2026-05-25_15-40-46,0,main.go:2026-05-25_15-40-46
2026-05-25_15-52-29,0,main.go:2026-05-25_15-52-29
2026-05-25_15-52-34,0,main.go:2026-05-25_15-52-34
2026-05-25_16-22-42,0,main.go:2026-05-25_16-22-42
2026-05-25_16-32-17,0,main.go:2026-05-25_16-32-17
2026-05-25_16-47-24,0,main.go:2026-05-25_16-47-24
2026-05-25_17-59-38,0,main.go:2026-05-25_17-59-38
2026-05-25_18-01-01,0,main.go:2026-05-25_18-01-01
2026-05-25_18-01-17,0,main.go:2026-05-25_18-01-17
2026-05-25_18-01-43,0,main.go:2026-05-25_18-01-43
2026-05-25_18-01-55,0,main.go:2026-05-25_18-01-55
2026-05-25_18-02-03,0,main.go:2026-05-25_18-01-55
2026-05-25_18-02-29,0,main.go:2026-05-25_18-02-29
2026-05-25_18-02-36,0,main.go:2026-05-25_18-02-29
2026-05-25_18-03-09,0,main.go:2026-05-25_18-03-09
2026-05-25_18-03-11,0,main.go:2026-05-25_18-03-09
2026-05-25_18-03-21,0,main.go:2026-05-25_18-03-09
2026-05-25_18-03-37,0,main.go:2026-05-25_18-03-37
2026-05-25_18-04-06,0,main.go:2026-05-25_18-04-06
2026-05-25_18-04-11,0,main.go:2026-05-25_18-04-11
2026-05-25_18-04-14,0,main.go:2026-05-25_18-04-11
2026-05-25_18-04-19,0,main.go:2026-05-25_18-04-19
2026-05-25_18-04-20,0,main.go:2026-05-25_18-04-19
2026-05-25_18-04-25,0,main.go:2026-05-25_18-04-25
2026-05-25_18-05-34,0,main.go:2026-05-25_18-05-34
2026-05-25_18-05-35,0,main.go:2026-05-25_18-05-34
2026-05-25_18-05-40,0,main.go:2026-05-25_18-05-40
2026-05-25_18-07-03,0,main.go:2026-05-25_18-07-03
2026-05-25_18-07-04,0,main.go:2026-05-25_18-07-03
2026-05-25_18-07-09,0,main.go:2026-05-25_18-07-03
2026-05-25_18-07-13,0,main.go:2026-05-25_18-07-13
2026-05-25_18-07-15,0,main.go:2026-05-25_18-07-13
2026-05-25_18-07-24,16,main.go:2026-05-25_18-07-24
2026-05-25_18-10-58,16,main.go:2026-05-25_18-10-58
2026-05-25_18-11-02,16,main.go:2026-05-25_18-10-58
2026-05-25_18-13-30,16,main.go:2026-05-25_18-13-30
2026-05-25_18-13-42,16,main.go:2026-05-25_18-13-42
2026-05-25_18-13-44,16,main.go:2026-05-25_18-13-42
2026-05-25_18-13-47,16,main.go:2026-05-25_18-13-42
2026-05-25_18-13-56,16,main.go:2026-05-25_18-13-42
2026-05-25_18-15-32,16,main.go:2026-05-25_18-15-32
2026-05-25_18-15-34,16,main.go:2026-05-25_18-15-32
2026-05-25_18-16-51,16,main.go:2026-05-25_18-16-51
2026-05-25_18-17-14,16,main.go:2026-05-25_18-17-14
2026-05-25_18-17-23,16,main.go:2026-05-25_18-17-23
2026-05-25_18-17-35,16,main.go:2026-05-25_18-17-35
2026-05-25_18-17-37,16,main.go:2026-05-25_18-17-35
2026-05-25_18-17-42,16,main.go:2026-05-25_18-17-42
2026-05-25_18-17-44,16,main.go:2026-05-25_18-17-42
2026-05-25_18-24-23,16,main.go:2026-05-25_18-17-42
