2026-04-14_12-23-19,0,draft.go:2026-04-14_12-23-19
2026-04-14_12-23-36,0,draft.go:2026-04-14_12-23-36
2026-04-14_12-23-42,0,draft.go:2026-04-14_12-23-42
2026-04-14_12-23-57,0,draft.go:2026-04-14_12-23-57
2026-04-14_12-24-15,0,draft.go:2026-04-14_12-24-15
2026-04-14_12-25-06,20,draft.go:2026-04-14_12-25-06
2026-04-14_12-25-50,20,draft.go:2026-04-14_12-25-50
2026-04-14_12-27-00,0,draft.go:2026-04-14_12-27-00
2026-04-14_12-27-08,---,draft.go:2026-04-14_12-27-00
2026-04-14_12-29-02,20,draft.go:2026-04-14_12-29-02
2026-04-14_12-30-20,100,draft.go:2026-04-14_12-30-20
