2026-07-04_19-05-22,---,main.go:2026-07-04_19-05-22
2026-07-04_19-21-04,0,main.go:2026-07-04_19-21-04
2026-07-04_19-21-59,0,main.go:2026-07-04_19-21-59
2026-07-04_19-22-00,0,main.go:2026-07-04_19-21-59
2026-07-04_19-22-11,0,main.go:2026-07-04_19-21-59
2026-07-04_19-22-16,0,main.go:2026-07-04_19-22-16
2026-07-04_19-24-58,0,main.go:2026-07-04_19-24-58
2026-07-04_19-25-04,0,main.go:2026-07-04_19-24-58
2026-07-04_19-25-34,0,main.go:2026-07-04_19-25-34
2026-07-04_19-26-29,0,main.go:2026-07-04_19-26-29
2026-07-04_19-26-38,0,main.go:2026-07-04_19-26-29
2026-07-04_19-32-04,0,main.go:2026-07-04_19-32-04
2026-07-04_19-32-18,0,main.go:2026-07-04_19-32-18
2026-07-04_19-33-49,0,main.go:2026-07-04_19-33-49
2026-07-04_19-35-43,0,main.go:2026-07-04_19-35-43
2026-07-04_19-36-08,0,main.go:2026-07-04_19-36-08
2026-07-04_19-36-14,0,main.go:2026-07-04_19-36-14
2026-07-04_19-36-39,0,main.go:2026-07-04_19-36-39
2026-07-04_19-37-40,0,main.go:2026-07-04_19-37-40
2026-07-04_19-38-20,0,main.go:2026-07-04_19-38-20
2026-07-04_19-38-38,0,main.go:2026-07-04_19-38-38
2026-07-04_19-39-13,0,main.go:2026-07-04_19-39-13
2026-07-04_19-39-22,0,main.go:2026-07-04_19-39-13
2026-07-04_19-39-32,0,main.go:2026-07-04_19-39-32
2026-07-04_19-39-44,0,main.go:2026-07-04_19-39-44
2026-07-04_19-39-45,0,main.go:2026-07-04_19-39-44
2026-07-04_19-39-49,0,main.go:2026-07-04_19-39-49
2026-07-04_19-39-51,0,main.go:2026-07-04_19-39-49
2026-07-04_19-39-54,0,main.go:2026-07-04_19-39-49
2026-07-04_19-40-01,0,main.go:2026-07-04_19-40-01
2026-07-04_19-40-09,0,main.go:2026-07-04_19-40-09
2026-07-04_19-40-31,0,main.go:2026-07-04_19-40-31
2026-07-04_19-40-41,0,main.go:2026-07-04_19-40-41
2026-07-04_19-43-14,0,main.go:2026-07-04_19-43-14
2026-07-04_19-44-13,0,main.go:2026-07-04_19-44-13
2026-07-04_19-44-33,0,main.go:2026-07-04_19-44-33
2026-07-04_19-45-01,0,main.go:2026-07-04_19-45-01
2026-07-04_19-47-53,16,main.go:2026-07-04_19-47-53
2026-07-04_19-50-04,16,main.go:2026-07-04_19-50-04
2026-07-04_19-51-24,16,main.go:2026-07-04_19-51-24
2026-07-04_19-52-14,16,main.go:2026-07-04_19-52-14
2026-07-04_19-52-40,16,main.go:2026-07-04_19-52-40
2026-07-04_19-52-48,16,main.go:2026-07-04_19-52-40
2026-07-04_19-57-34,16,main.go:2026-07-04_19-57-34
2026-07-04_19-58-55,16,main.go:2026-07-04_19-58-55
2026-07-04_20-00-13,16,main.go:2026-07-04_20-00-13
2026-07-04_20-00-24,16,main.go:2026-07-04_20-00-24
2026-07-04_20-01-54,16,main.go:2026-07-04_20-01-54
2026-07-04_20-02-45,16,main.go:2026-07-04_20-02-45
2026-07-04_20-03-02,16,main.go:2026-07-04_20-03-02
2026-07-04_20-03-17,16,main.go:2026-07-04_20-03-17
2026-07-04_20-03-21,16,main.go:2026-07-04_20-03-17
2026-07-04_20-07-03,16,main.go:2026-07-04_20-07-03
2026-07-04_20-08-19,16,main.go:2026-07-04_20-08-19
2026-07-04_20-08-25,16,main.go:2026-07-04_20-08-19
2026-07-04_20-08-39,16,main.go:2026-07-04_20-08-39
2026-07-04_20-08-52,16,main.go:2026-07-04_20-08-52
2026-07-04_20-13-37,16,main.go:2026-07-04_20-13-37
2026-07-04_20-13-39,16,main.go:2026-07-04_20-13-37
2026-07-04_20-15-01,16,main.go:2026-07-04_20-15-01
2026-07-04_20-15-05,16,main.go:2026-07-04_20-15-01
2026-07-04_20-15-35,16,main.go:2026-07-04_20-15-35
2026-07-04_20-16-18,16,main.go:2026-07-04_20-16-18
2026-07-04_20-18-43,16,main.go:2026-07-04_20-18-43
2026-07-04_20-20-41,16,main.go:2026-07-04_20-20-41
2026-07-04_20-21-29,16,main.go:2026-07-04_20-21-29
2026-07-04_20-22-07,16,main.go:2026-07-04_20-22-07
2026-07-04_20-22-53,16,main.go:2026-07-04_20-22-53
2026-07-04_20-23-30,16,main.go:2026-07-04_20-23-30
2026-07-04_20-24-31,16,main.go:2026-07-04_20-24-31
2026-07-04_20-25-00,16,main.go:2026-07-04_20-25-00
2026-07-04_20-25-25,16,main.go:2026-07-04_20-25-25
2026-07-04_20-25-41,16,main.go:2026-07-04_20-25-41
2026-07-04_20-25-48,16,main.go:2026-07-04_20-25-41
2026-07-04_20-25-49,16,main.go:2026-07-04_20-25-49
2026-07-04_20-26-13,16,main.go:2026-07-04_20-26-13
2026-07-04_20-26-50,16,main.go:2026-07-04_20-26-50
2026-07-04_20-28-59,16,main.go:2026-07-04_20-28-59
2026-07-04_20-29-18,16,main.go:2026-07-04_20-29-18
2026-07-04_20-29-34,16,main.go:2026-07-04_20-29-34
2026-07-04_20-30-21,16,main.go:2026-07-04_20-30-21
2026-07-04_20-31-26,16,main.go:2026-07-04_20-31-26
2026-07-04_20-31-44,16,main.go:2026-07-04_20-31-44
2026-07-04_20-33-48,16,main.go:2026-07-04_20-33-48
2026-07-04_20-35-43,16,main.go:2026-07-04_20-35-43
2026-07-04_20-35-59,16,main.go:2026-07-04_20-35-43
2026-07-04_20-36-13,16,main.go:2026-07-04_20-35-43
2026-07-04_20-38-06,16,main.go:2026-07-04_20-38-06
2026-07-04_20-38-23,16,main.go:2026-07-04_20-38-23
2026-07-04_20-40-03,16,main.go:2026-07-04_20-40-03
2026-07-04_20-40-24,16,main.go:2026-07-04_20-40-24
2026-07-04_20-40-58,16,main.go:2026-07-04_20-40-24
2026-07-04_20-41-35,33,main.go:2026-07-04_20-41-35
2026-07-04_20-42-10,33,main.go:2026-07-04_20-41-35
2026-07-04_20-42-23,33,main.go:2026-07-04_20-42-23
2026-07-04_20-42-27,33,main.go:2026-07-04_20-42-23
2026-07-04_20-44-38,33,main.go:2026-07-04_20-44-38
2026-07-04_20-45-19,33,main.go:2026-07-04_20-45-19
2026-07-04_20-47-07,50,main.go:2026-07-04_20-47-07
2026-07-04_20-48-07,16,main.go:2026-07-04_20-48-07
2026-07-04_20-49-10,16,main.go:2026-07-04_20-49-10
2026-07-04_20-50-20,0,main.go:2026-07-04_20-50-20
2026-07-04_20-50-21,0,main.go:2026-07-04_20-50-20
2026-07-04_20-51-12,16,main.go:2026-07-04_20-51-12
2026-07-04_20-51-21,16,main.go:2026-07-04_20-51-21
2026-07-04_20-51-34,16,main.go:2026-07-04_20-51-21
2026-07-04_20-51-40,16,main.go:2026-07-04_20-51-40
2026-07-04_20-51-49,16,main.go:2026-07-04_20-51-49
2026-07-04_20-52-00,16,main.go:2026-07-04_20-51-49
2026-07-04_20-52-06,16,main.go:2026-07-04_20-52-06
2026-07-04_20-52-37,16,main.go:2026-07-04_20-52-37
2026-07-04_20-54-48,16,main.go:2026-07-04_20-54-48
2026-07-04_20-55-15,16,main.go:2026-07-04_20-55-15
2026-07-04_20-56-19,16,main.go:2026-07-04_20-56-19
2026-07-04_20-56-34,16,main.go:2026-07-04_20-56-19
2026-07-04_20-57-05,16,main.go:2026-07-04_20-57-05
2026-07-04_20-57-16,16,main.go:2026-07-04_20-57-16
2026-07-04_20-57-26,16,main.go:2026-07-04_20-57-26
2026-07-04_20-57-42,16,main.go:2026-07-04_20-57-42
2026-07-04_20-57-50,16,main.go:2026-07-04_20-57-42
2026-07-04_20-58-07,16,main.go:2026-07-04_20-58-07
2026-07-04_20-58-37,50,main.go:2026-07-04_20-58-37
2026-07-04_20-58-59,50,main.go:2026-07-04_20-58-59
2026-07-04_20-59-12,50,main.go:2026-07-04_20-58-59
2026-07-04_20-59-18,50,main.go:2026-07-04_20-59-18
2026-07-04_21-00-14,50,main.go:2026-07-04_21-00-14
2026-07-04_21-03-30,0,main.go:2026-07-04_21-03-30
2026-07-04_21-03-31,0,main.go:2026-07-04_21-03-30
2026-07-04_21-03-31,0,main.go:2026-07-04_21-03-30
2026-07-04_21-03-37,0,main.go:2026-07-04_21-03-30
2026-07-04_21-03-38,50,main.go:2026-07-04_21-03-38
2026-07-04_21-04-18,66,main.go:2026-07-04_21-04-18
2026-07-04_21-04-59,66,main.go:2026-07-04_21-04-59
2026-07-04_21-05-00,66,main.go:2026-07-04_21-04-59
2026-07-04_21-05-23,66,main.go:2026-07-04_21-05-23
2026-07-04_21-05-51,66,main.go:2026-07-04_21-05-51
2026-07-04_21-06-03,66,main.go:2026-07-04_21-06-03
2026-07-04_21-06-05,66,main.go:2026-07-04_21-06-03
2026-07-04_21-06-32,66,main.go:2026-07-04_21-06-32
2026-07-04_21-07-23,66,main.go:2026-07-04_21-07-23
2026-07-04_21-07-24,66,main.go:2026-07-04_21-07-23
2026-07-04_21-07-41,66,main.go:2026-07-04_21-07-41
2026-07-04_21-08-07,66,main.go:2026-07-04_21-08-07
2026-07-04_21-08-12,66,main.go:2026-07-04_21-08-12
2026-07-04_21-10-07,16,main.go:2026-07-04_21-10-07
2026-07-04_21-10-49,16,main.go:2026-07-04_21-10-49
2026-07-04_21-11-12,0,main.go:2026-07-04_21-11-12
2026-07-04_21-11-40,16,main.go:2026-07-04_21-11-40
2026-07-04_21-12-41,0,main.go:2026-07-04_21-12-41
2026-07-04_21-13-00,16,main.go:2026-07-04_21-13-00
2026-07-04_21-13-08,66,main.go:2026-07-04_21-13-08
2026-07-04_21-13-36,66,main.go:2026-07-04_21-13-36
2026-07-04_21-14-44,50,main.go:2026-07-04_21-14-44
2026-07-04_21-14-45,50,main.go:2026-07-04_21-14-44
2026-07-04_21-15-05,66,main.go:2026-07-04_21-15-05
2026-07-04_21-15-38,50,main.go:2026-07-04_21-15-38
2026-07-04_21-15-39,50,main.go:2026-07-04_21-15-38
2026-07-04_21-15-47,66,main.go:2026-07-04_21-15-47
2026-07-04_21-15-55,66,main.go:2026-07-04_21-15-55
2026-07-04_21-17-18,50,main.go:2026-07-04_21-17-18
2026-07-04_21-17-19,50,main.go:2026-07-04_21-17-18
2026-07-04_21-17-25,50,main.go:2026-07-04_21-17-18
2026-07-04_21-17-33,66,main.go:2026-07-04_21-17-33
2026-07-04_21-25-24,66,main.go:2026-07-04_21-17-33
2026-07-04_21-25-25,66,main.go:2026-07-04_21-25-25
2026-07-04_21-25-48,66,main.go:2026-07-04_21-25-48
2026-07-04_21-27-32,0,main.go:2026-07-04_21-27-32
2026-07-04_21-28-33,66,main.go:2026-07-04_21-28-33
2026-07-04_21-28-53,66,main.go:2026-07-04_21-28-53
2026-07-04_21-28-55,66,main.go:2026-07-04_21-28-53
2026-07-04_21-29-18,0,main.go:2026-07-04_21-29-18
2026-07-04_21-31-50,16,main.go:2026-07-04_21-31-50
2026-07-04_21-31-51,16,main.go:2026-07-04_21-31-50
2026-07-04_21-31-55,16,main.go:2026-07-04_21-31-50
2026-07-04_21-32-09,16,main.go:2026-07-04_21-31-50
2026-07-04_21-32-10,16,main.go:2026-07-04_21-32-10
2026-07-04_21-32-18,0,main.go:2026-07-04_21-32-18
2026-07-04_21-32-19,0,main.go:2026-07-04_21-32-18
2026-07-04_21-32-52,16,main.go:2026-07-04_21-32-52
2026-07-04_21-32-53,16,main.go:2026-07-04_21-32-52
2026-07-04_21-33-29,66,main.go:2026-07-04_21-33-29
2026-07-04_21-33-47,16,main.go:2026-07-04_21-33-47
2026-07-04_21-33-56,16,main.go:2026-07-04_21-33-56
2026-07-04_21-34-03,66,main.go:2026-07-04_21-34-03
2026-07-04_21-36-40,0,main.go:2026-07-04_21-36-40
2026-07-04_21-36-41,0,main.go:2026-07-04_21-36-40
2026-07-04_21-36-48,0,main.go:2026-07-04_21-36-48
2026-07-04_21-36-49,0,main.go:2026-07-04_21-36-48
2026-07-04_21-36-50,0,main.go:2026-07-04_21-36-48
2026-07-04_21-36-50,0,main.go:2026-07-04_21-36-48
2026-07-04_21-36-51,0,main.go:2026-07-04_21-36-48
2026-07-04_21-36-51,0,main.go:2026-07-04_21-36-48
2026-07-04_21-36-51,0,main.go:2026-07-04_21-36-48
2026-07-04_21-36-52,0,main.go:2026-07-04_21-36-48
2026-07-04_21-36-52,0,main.go:2026-07-04_21-36-48
2026-07-04_21-36-52,0,main.go:2026-07-04_21-36-48
2026-07-04_21-36-52,0,main.go:2026-07-04_21-36-48
2026-07-04_21-36-53,0,main.go:2026-07-04_21-36-48
2026-07-04_21-36-53,0,main.go:2026-07-04_21-36-48
2026-07-04_21-36-53,0,main.go:2026-07-04_21-36-48
2026-07-04_21-36-53,0,main.go:2026-07-04_21-36-48
2026-07-04_21-36-54,0,main.go:2026-07-04_21-36-48
2026-07-04_21-36-54,0,main.go:2026-07-04_21-36-48
2026-07-04_21-36-54,0,main.go:2026-07-04_21-36-48
2026-07-04_21-36-54,0,main.go:2026-07-04_21-36-48
2026-07-04_21-36-55,0,main.go:2026-07-04_21-36-48
2026-07-04_21-36-55,0,main.go:2026-07-04_21-36-48
2026-07-04_21-37-07,0,main.go:2026-07-04_21-37-07
2026-07-04_21-37-08,0,main.go:2026-07-04_21-37-07
2026-07-04_21-37-09,0,main.go:2026-07-04_21-37-07
2026-07-04_21-37-10,0,main.go:2026-07-04_21-37-07
2026-07-04_21-37-11,0,main.go:2026-07-04_21-37-07
2026-07-04_21-37-11,0,main.go:2026-07-04_21-37-07
2026-07-04_21-37-11,0,main.go:2026-07-04_21-37-07
2026-07-04_21-37-12,0,main.go:2026-07-04_21-37-07
2026-07-04_21-37-12,0,main.go:2026-07-04_21-37-07
2026-07-04_21-37-12,0,main.go:2026-07-04_21-37-07
2026-07-04_21-37-12,0,main.go:2026-07-04_21-37-07
2026-07-04_21-37-13,0,main.go:2026-07-04_21-37-07
2026-07-04_21-37-13,0,main.go:2026-07-04_21-37-07
2026-07-04_21-37-13,0,main.go:2026-07-04_21-37-07
2026-07-04_21-37-14,0,main.go:2026-07-04_21-37-07
2026-07-04_21-37-14,0,main.go:2026-07-04_21-37-07
2026-07-04_21-37-14,0,main.go:2026-07-04_21-37-07
2026-07-04_21-37-14,0,main.go:2026-07-04_21-37-07
2026-07-04_21-37-15,0,main.go:2026-07-04_21-37-07
2026-07-04_21-37-29,16,main.go:2026-07-04_21-37-29
2026-07-04_21-37-35,66,main.go:2026-07-04_21-37-35
2026-07-04_21-37-52,66,main.go:2026-07-04_21-37-52
2026-07-04_21-37-56,16,main.go:2026-07-04_21-37-56
2026-07-04_21-38-04,66,main.go:2026-07-04_21-38-04
2026-07-04_21-38-10,16,main.go:2026-07-04_21-38-10
2026-07-04_21-38-16,16,main.go:2026-07-04_21-38-16
2026-07-04_21-38-21,16,main.go:2026-07-04_21-38-21
2026-07-04_21-38-29,0,main.go:2026-07-04_21-38-29
2026-07-04_21-38-30,0,main.go:2026-07-04_21-38-29
2026-07-04_21-38-38,0,main.go:2026-07-04_21-38-38
2026-07-04_21-38-39,0,main.go:2026-07-04_21-38-38
2026-07-04_21-38-40,0,main.go:2026-07-04_21-38-38
2026-07-04_21-38-40,0,main.go:2026-07-04_21-38-38
2026-07-04_21-38-52,33,main.go:2026-07-04_21-38-52
2026-07-04_21-39-01,66,main.go:2026-07-04_21-39-01
2026-07-04_21-40-37,66,main.go:2026-07-04_21-40-37
2026-07-04_21-40-38,66,main.go:2026-07-04_21-40-37
2026-07-04_21-40-38,66,main.go:2026-07-04_21-40-37
2026-07-04_21-40-52,66,main.go:2026-07-04_21-40-37
2026-07-04_21-42-40,83,main.go:2026-07-04_21-42-40
2026-07-04_21-42-41,83,main.go:2026-07-04_21-42-40
2026-07-04_21-44-17,83,main.go:2026-07-04_21-44-17
2026-07-04_21-44-18,83,main.go:2026-07-04_21-44-17
2026-07-04_21-44-43,83,main.go:2026-07-04_21-44-43
2026-07-04_21-44-58,83,main.go:2026-07-04_21-44-58
2026-07-04_21-44-59,83,main.go:2026-07-04_21-44-58
2026-07-04_21-45-15,100,main.go:2026-07-04_21-45-15
